{
  "id": "1989446",
  "name": "feiyuaxg",
  "font_family": "iconfont",
  "css_prefix_text": "icon-",
  "description": "",
  "glyphs": [
    {
      "icon_id": "5322149",
      "name": "新闻",
      "font_class": "xinwen1",
      "unicode": "e6957",
      "unicode_decimal": 944471
    },
    {
      "icon_id": "724391",
      "name": "笔记本",
      "font_class": "bijiben",
      "unicode": "e62c",
      "unicode_decimal": 58924
    },
    {
      "icon_id": "538866",
      "name": "链接",
      "font_class": "lianjie",
      "unicode": "e613",
      "unicode_decimal": 58899
    },
    {
      "icon_id": "721712",
      "name": "首页",
      "font_class": "ai-home",
      "unicode": "e60d",
      "unicode_decimal": 58893
    },
    {
      "icon_id": "749780",
      "name": "收藏",
      "font_class": "shoucang",
      "unicode": "e60a",
      "unicode_decimal": 58890
    },
    {
      "icon_id": "956743",
      "name": "留言",
      "font_class": "msg",
      "unicode": "e61d",
      "unicode_decimal": 58909
    },
    {
      "icon_id": "12103194",
      "name": "工具",
      "font_class": "gongju",
      "unicode": "e620",
      "unicode_decimal": 58912
    }
  ]
}
